{
  "0-0.807": {
      "a": 1.905e-06,
      "n": 0.625
  },
  "0.807-1.5": {
      "a": 0.670892,
      "n": -0.314
  },
  "1.5-3.79": {
      "a": 0.009397,
      "n": -0.013
  },
  "3.79-7.03": {
    "a": 0.00000241,
    "n": 0.535
  },
  "7.03-999": {
    "a": 0.003987,
    "n": 0.064
  }
}